PLAYER,EVENTS21,POINTS21,WINS21,TOPTENS21,EVENTS20,POINTS20,WINS20,TOPTENS20,EVENTS19,POINTS19,WINS19,TOPTENS19,SGTeeToGreenAvg21,SGOffTheTeeAvg21,SGOffTheTeeTotal21,SGApproachAvg21,SGAroundGreensAvg21,SGPuttingAvg21,SGPuttingTotal21,DrivingAvg21,DrivingTotal21,DrivingPct21,DrivingFairways21,DrivesTotal21,ScoringAvg21,SGTeeToGreenAvg20,SGOffTheTeeAvg20,SGOffTheTeeTotal20,SGApproachAvg20,SGAroundGreensAvg20,SGPuttingAvg20,SGPuttingTotal20,DrivingAvg20,DrivingTotal20,DrivingPct20,DrivingFairways20,DrivesTotal20,ScoringAvg20,SGTeeToGreenAvg19,SGOffTheTeeAvg19,SGOffTheTeeTotal19,SGApproachAvg19,SGAroundGreensAvg19,SGPuttingAvg19,SGPuttingTotal19,DrivingAvg19,DrivingTotal19,DrivingPct19,DrivingFairways19,DrivesTotal19,ScoringAvg19
Matthew Wolff,20,772,0,2,21,921,0,2,8,613,1,1,-0.309,-0.333,-16.992,0.342,-0.318,0.141,7.196,315.9,34748,51.04,391,766,71.333,0.369,0.607,38.212,0.099,-0.337,0.123,7.727,311.6,41135,58.98,611,1036,70.726,0,0,0,0,0,0,0,0,0,0,0,0,0
Collin Morikawa,22,2188,2,8,20,2025,2,6,9,840,1,3,1.528,0.281,18.534,1.17,0.077,-0.457,-30.151,295.2,46053,69.6,760,1092,70.109,1.33,0.44,31.247,0.884,0.005,-0.099,-7.044,297.3,42816,65.54,734,1120,69.856,0,0,0,0,0,0,0,0,0,0,0,0,0
Shane Lowry,21,1103,0,4,13,283,0,1,14,1197,1,4,0.987,0.112,7.034,0.543,0.333,-0.162,-10.223,299.6,45546,59.91,635,1060,70.318,0.678,0.203,7.299,0.354,0.122,-0.356,-12.819,299.4,21556,60.95,373,612,70.265,0,0,0,0,0,0,0,0,0,0,0,0,0
Sergio Garcia,23,1400,1,4,12,241,0,1,15,637,0,5,1.145,0.796,54.102,0.279,0.071,-0.409,-27.81,309.4,45788,61.18,635,1038,70.423,1.336,0.848,27.129,0.181,0.308,-0.754,-24.118,305.8,19573,60.62,371,612,70.574,0.824,0.35,13.284,0.525,-0.051,-0.078,-2.954,302.5,26616,58.82,360,612,70.321
Justin Rose,17,439,0,3,13,413,0,2,16,1739,1,7,-0.278,-0.142,-5.813,-0.045,-0.091,0.375,15.376,297.5,32125,60.53,454,750,70.678,0.343,0.218,7.186,0.233,-0.108,-0.025,-0.83,299.6,20373,60.34,321,532,70.589,0.739,0.179,8.76,0.525,0.036,0.504,24.682,303.2,35171,60.14,522,868,69.825
Adam Scott,19,604,0,2,10,832,1,1,17,1874,0,8,0.264,-0.101,-5.931,0.356,0.008,0.475,28.037,306,44059,55.26,557,1008,70.447,0.636,-0.056,-1.666,0.268,0.424,0.269,8.071,308.1,18483,55.49,293,528,69.977,1.483,0.285,12.557,0.846,0.351,0.348,15.321,299.3,31731,59.91,511,853,69.693
Tyrrell Hatton,19,739,0,4,10,1275,1,5,17,574,0,3,1.002,0.322,15.145,0.651,0.028,0.138,6.47,299,33485,63.02,489,776,70.249,1.066,0.188,6.402,0.694,0.184,0.365,12.403,301.6,20510,61.73,363,588,69.507,0.681,0.176,7.399,0.218,0.286,-0.192,-8.063,296.6,29655,62.96,510,810,70.585
Tommy Fleetwood,18,382,0,2,11,412,0,1,17,1479,0,6,0.209,-0.134,-6.298,0.051,0.292,-0.137,-6.449,300.8,36095,57.78,483,836,71.046,0.119,0.389,10.894,-0.378,0.107,0.437,12.249,309.6,17337,61.33,341,556,70.259,1.11,0.545,27.235,0.235,0.329,0.169,8.441,298.7,35841,64.02,573,895,69.729
Talor Gooch,28,840,0,3,24,648,0,2,17,474,0,2,0.54,-0.071,-5.899,0.435,0.176,0.14,11.65,299.1,53846,60.16,752,1250,70.457,0.11,-0.019,-1.403,0.113,0.016,0.313,23.477,298.2,49505,58.35,678,1162,70.535,0.259,-0.24,-11.523,0.604,-0.104,0.111,5.336,297.4,32119,58.68,443,755,70.629
Dustin Johnson,20,1890,1,8,13,3471,2,6,18,1840,1,7,0.824,0.361,22.379,0.315,0.147,0.429,26.589,312.9,45063,57.87,581,1004,69.619,1.138,0.612,28.768,0.524,0.002,0.271,12.722,311,30477,59.07,407,689,69.323,1.225,0.703,39.36,0.288,0.234,0.096,5.378,312,41178,55.57,544,979,69.895
Louis Oosthuizen,20,1935,0,8,13,611,0,2,18,1355,0,5,0.835,0.023,1.368,0.459,0.353,0.764,45.852,297.8,44076,63.47,655,1032,69.714,-0.318,0.075,3.015,-0.126,-0.268,0.258,10.314,300.1,24008,60.63,405,668,70.493,0.608,0.13,6.251,0.208,0.27,0.169,8.113,296.3,33181,66.93,597,892,70.259
Ian Poulter,21,707,0,3,13,437,0,1,18,1072,0,6,0.123,-0.079,-4.35,-0.162,0.364,0.695,38.241,285.2,41067,66.33,666,1004,70.221,0.002,-0.188,-7.132,0.137,0.053,0.687,26.094,286.8,21797,59.58,398,668,70.14,0.339,-0.078,-3.445,0.15,0.267,0.425,18.695,291.5,29153,63.6,519,816,70.502
Rory McIlroy,20,1878,1,7,14,1516,1,6,18,2842,2,13,1.181,0.66,41.575,0.403,0.118,0.187,11.793,319.3,47252,57.36,592,1032,70.043,1.314,0.702,35.796,0.504,0.108,-0.071,-3.618,314,32660,56.34,471,836,69.219,2.126,1.195,68.124,0.633,0.297,0.425,24.221,313.5,40123,61.82,591,956,69.057
Alex Noren,25,1327,0,3,17,706,0,4,18,367,0,0,0.096,-0.045,-3.338,-0.11,0.251,0.538,39.808,297.9,48852,58.26,663,1138,70.78,0.252,-0.231,-10.386,0.039,0.443,0.4,17.987,296,33153,58.11,455,783,70.127,-0.003,0.083,3.574,-0.366,0.28,-0.266,-11.455,301.1,31314,62.38,524,840,71.046
Patrick Rodgers,34,433,0,1,27,440,0,1,18,459,0,1,-0.023,0.305,23.778,-0.4,0.072,0.062,4.801,306.7,62564,54.07,770,1424,71.16,-0.271,0.211,15.835,-0.465,-0.018,0.657,49.285,308.5,56147,52.95,674,1273,70.869,-0.197,0.157,7.066,-0.383,0.029,0.428,19.24,299.8,30579,57.24,407,711,71.365
Jon Rahm,21,3063,1,14,14,3080,2,7,19,2517,1,12,1.767,0.834,53.366,0.717,0.216,0.331,21.174,309,47580,63.73,687,1078,69.3,1.344,0.756,43.109,0.283,0.304,0.479,27.326,307.6,35682,63.11,515,816,69.127,1.17,0.692,36.684,0.405,0.073,0.336,17.793,305.6,39113,62.5,595,952,69.618
Rickie Fowler,24,402,0,1,14,402,0,2,19,1637,1,6,0.194,0.096,6.245,-0.244,0.343,-0.091,-5.902,297,46332,61.49,669,1088,71.33,0.493,0.172,7.056,0.099,0.222,0.217,8.908,294.9,25949,64.84,402,620,70.499,0.525,0.247,15.541,0.158,0.12,0.541,34.066,303.1,46071,60.62,645,1064,69.955
Justin Thomas,22,2371,1,6,17,2570,3,9,19,3475,1,6,1.418,0.235,15.961,0.887,0.296,0.026,1.763,303.9,51063,55.72,653,1172,69.773,1.741,0.405,23.502,0.997,0.339,-0.031,-1.816,304.2,35286,57.25,529,924,69.128,1.817,0.479,26.831,0.985,0.352,-0.186,-10.419,302.2,38682,59.98,607,1012,69.466
Bubba Watson,22,685,0,5,20,768,0,3,19,572,0,3,0.751,0.613,36.782,0.103,0.035,-0.21,-12.609,304.6,42039,59.92,574,958,70.871,0.648,0.649,37.01,0.208,-0.209,0.064,3.63,311,36072,57.93,533,920,70.308,0.624,0.743,37.171,-0.052,-0.067,-0.344,-17.18,311.6,36142,58.13,472,812,70.71
Kevin Na,25,1816,1,4,20,1102,1,4,19,823,1,3,0.422,-0.253,-19.752,-0.027,0.702,0.105,8.222,288.5,50193,66.56,808,1214,70.522,-0.002,-0.41,-24.17,0.267,0.14,0.693,40.883,286.9,36151,62.74,623,993,70.43,-0.002,-0.282,-12.391,-0.076,0.355,0.089,3.925,289.6,27800,64.05,538,840,71.144
Patrick Cantlay,23,4302,3,6,12,922,0,3,20,3157,1,9,1.418,0.569,38.689,0.486,0.363,0.402,27.349,302.8,47240,60.71,663,1092,69.736,1.097,0.404,17.782,0.523,0.17,0.219,9.642,303.1,27884,59.35,384,647,69.764,1.471,0.475,27.052,0.64,0.356,0.386,22.027,304.7,41440,57.34,578,1008,69.306
Brooks Koepka,19,1793,1,8,13,360,0,2,20,3119,3,8,1.171,0.631,32.811,0.482,0.058,0.187,9.7,310.7,41012,56.63,521,920,69.938,0.656,0.362,13.742,0.322,-0.028,-0.236,-8.952,307,23332,53.75,301,560,70.546,1.14,0.468,27.146,0.636,0.036,0.226,13.106,309,40794,61.83,643,1040,69.395
Webb Simpson,21,1195,0,6,13,2163,2,8,20,1946,0,6,0.818,0.071,4.337,0.393,0.353,0.435,26.556,292.5,43284,67.08,695,1036,69.901,1.007,0.123,6.266,0.64,0.244,0.589,30.056,296.2,30800,67.31,490,728,68.978,0.899,-0.007,-0.517,0.613,0.294,0.608,41.957,288.6,45020,66.82,731,1094,69.377
Bryson DeChambeau,21,3189,2,8,16,1682,1,9,20,1371,1,5,1.367,1.162,78.987,0.291,-0.085,0.456,30.993,323.7,51790,54.18,609,1124,69.728,0.908,1.039,64.417,-0.09,-0.041,0.658,40.776,322.1,39945,57.37,498,868,69.241,0.641,0.421,27.76,0.236,-0.016,0.372,24.564,302.5,43555,65.02,658,1012,70.177
Daniel Berger,22,1594,1,8,16,2007,1,7,20,361,0,1,1.082,0.264,19.245,0.834,-0.017,0.214,15.593,296.7,49841,65.48,770,1176,69.862,1.034,0.366,20.522,0.396,0.271,0.526,29.45,300.2,36025,63.86,569,891,69.237,0.322,0.344,20.28,0.007,-0.029,-0.043,-2.51,301,39735,65.48,605,924,70.443
Phil Mickelson,23,805,1,1,16,488,0,2,20,948,1,2,-0.41,-0.161,-9.845,-0.142,-0.107,-0.032,-1.93,301.8,44665,54.47,560,1028,71.897,0.23,-0.02,-0.763,-0.129,0.379,-0.083,-3.167,301.5,25929,54,385,713,71.009,-0.278,-0.307,-15.345,-0.065,0.094,-0.16,-8.025,306.3,36755,50.77,426,839,71.331
Xander Schauffele,21,1854,0,7,17,1449,0,6,20,2030,2,5,1.004,0.266,16.787,0.65,0.087,0.48,30.215,307.6,46756,58.83,626,1064,69.859,1.239,0.648,39.524,0.366,0.225,0.366,22.355,305.4,37868,60.31,591,980,69.227,1.149,0.456,24.184,0.481,0.211,0.244,12.949,304.1,37706,60.29,627,1040,69.834
Marc Leishman,24,1167,1,4,17,1096,1,3,20,1587,1,7,-0.138,-0.165,-10.374,0.118,-0.092,0.19,11.953,293.8,44650,58.46,622,1064,71.303,0.021,-0.202,-10.519,0.366,-0.143,-0.26,-13.496,295.8,31359,51.88,441,850,71.186,0.531,-0.077,-4.361,0.472,0.135,0.302,17.219,296.2,37908,59.39,601,1012,70.434
Paul Casey,20,1005,0,7,15,730,0,1,21,1768,1,6,1.293,0.258,14.95,0.895,0.14,-0.073,-4.248,303.9,43760,62.2,622,1000,70.176,0.814,0.546,24.025,0.631,-0.363,-0.383,-16.858,307.2,29490,63.6,498,783,70.373,1.453,0.614,33.761,0.706,0.133,-0.092,-5.058,298.4,37597,67.68,710,1049,69.821
Matt Kuchar,25,456,0,1,16,646,0,1,21,2339,2,8,-0.095,-0.371,-21.873,0.046,0.229,0.104,6.163,287.8,37987,66.09,608,920,71.25,-0.01,-0.039,-1.899,0.014,0.015,0.687,33.651,282.9,31681,65.82,518,787,70.312,0.76,0.063,4.19,0.591,0.105,0.302,19.924,289.5,46326,67.41,757,1123,69.916
Jason Day,22,489,0,3,17,666,0,5,21,891,0,6,0.711,0.442,24.769,-0.043,0.312,0.067,3.727,300.3,39038,61.31,553,902,70.815,0.628,0.146,5.859,-0.151,0.632,0.216,8.625,299.7,26976,55.9,412,737,70.163,0.477,0.535,25.143,-0.083,0.025,0.356,16.735,302,33819,61.76,554,897,70.212
Ryan Palmer,23,834,0,4,18,1116,0,5,21,1141,1,6,0.407,0.242,16.209,0.246,-0.081,0.099,6.608,304.6,45074,59.98,619,1032,70.92,0.659,0.28,16.53,0.362,0.017,-0.272,-16.031,299.3,35910,60.08,572,952,70.196,0.434,0.255,13.022,0.395,-0.216,0.041,2.076,298.6,34637,60.67,560,923,70.679
Aaron Wise,24,1082,0,3,18,175,0,2,21,441,0,1,0.845,0.249,17.406,0.357,0.239,-0.432,-30.274,300.6,48102,60.04,670,1116,70.671,0.11,0.016,0.56,0.104,-0.01,-0.479,-16.288,301.5,27137,59.94,377,629,70.899,0.475,0.533,28.799,-0.085,0.026,-0.146,-7.897,302.6,41763,61.75,599,970,70.739
Cameron Tringale,27,1165,0,4,18,450,0,1,21,459,0,2,0.598,-0.006,-0.533,0.363,0.242,0.48,39.393,297.5,54735,61.17,783,1280,70.11,0.702,-0.125,-6.639,0.632,0.195,0.086,4.562,301.9,38044,54.03,476,881,70.534,0.342,-0.108,-5.519,0.327,0.123,0.204,10.396,296.9,38599,60.53,549,907,70.796
Pat Perez,32,685,0,2,18,421,0,2,21,376,0,3,0.22,-0.12,-9.354,0.185,0.155,0.372,29.03,292.2,56109,62.03,830,1338,70.71,0.019,-0.163,-6.538,0.252,-0.069,0.253,10.132,290.3,27292,62.75,480,765,70.853,-0.248,-0.498,-20.408,-0.085,0.335,0.535,21.954,286.1,28607,65.28,566,867,71.059
Nate Lashley,25,410,0,2,20,395,0,2,21,849,1,2,-0.207,-0.348,-20.529,-0.099,0.241,-0.217,-12.783,292.4,44448,61.79,655,1060,71.302,-0.522,-0.276,-12.411,-0.353,0.106,0.201,9.043,287,26977,62.05,453,730,71.384,0.219,-0.247,-13.603,0.487,-0.021,0.304,16.727,289.6,39385,65.19,620,951,70.692
Troy Merritt,33,700,0,4,22,489,0,2,21,842,0,4,-0.112,-0.207,-16.556,0.025,0.07,0.282,22.57,289.9,56817,61.95,845,1364,70.942,-0.636,-0.074,-4.088,-0.323,-0.238,0.47,25.869,291.8,35012,64.52,611,947,71.165,0.336,-0.054,-3.003,0.366,0.041,0.085,4.773,293.3,33439,66.43,570,858,70.95
Ryan Moore,16,332,0,1,16,360,0,2,22,944,0,2,0,0,0,0,0,0,0,0,0,0,0,0,0,0.526,0.291,9.907,0.37,-0.136,0.033,1.107,289.9,20872,68.63,420,612,70.707,0.765,0.114,7.161,0.596,0.055,0.062,3.885,282.2,37251,75.53,781,1034,70.974
Michael Thompson,24,403,0,1,20,662,1,2,22,527,0,4,-0.125,-0.104,-7.063,-0.151,0.129,0.062,4.24,288.1,42644,68.41,706,1032,71.215,-0.354,-0.187,-10.49,-0.127,-0.04,0.181,10.137,288.4,35759,65.4,567,867,71.061,0.087,-0.045,-2.893,0.018,0.113,0.339,22.056,288.4,40948,69.12,685,991,70.662
Luke List,31,543,0,5,22,297,0,1,22,506,0,4,0.892,0.557,41.781,0.251,0.083,-0.626,-46.952,312.7,55654,55.48,689,1242,71.02,0.805,0.387,22.84,0.3,0.118,-0.504,-29.741,307.8,40008,57.45,555,966,71.048,0.482,0.481,26.461,-0.005,0.006,-0.28,-15.4,313.3,39481,53.06,468,882,71.223
Russell Knox,32,507,0,2,22,269,0,0,22,452,0,2,0.453,0.018,1.424,0.522,-0.086,-0.26,-20.761,291.2,53572,66.17,847,1280,70.923,0.38,-0.145,-7.106,0.449,0.077,-0.35,-17.172,296.3,37339,62.2,548,881,70.76,0.726,0.013,0.742,0.585,0.129,-0.176,-10.397,289.2,39332,65.9,661,1003,70.521
Andrew Putnam,32,669,0,4,16,184,0,1,23,1145,0,3,-0.308,-0.519,-38.413,0.109,0.102,0.335,24.782,283.8,50517,61.59,765,1242,71.019,-1.862,-1.121,-35.858,-0.495,-0.246,0.841,26.925,277.9,18894,57.03,365,640,71.871,-0.164,-0.639,-35.778,0.414,0.061,0.7,39.18,281.5,36034,60.64,647,1067,70.644
Jordan Spieth,24,2232,1,9,17,354,0,3,23,1026,0,4,0.68,-0.091,-6.763,0.365,0.407,0.389,28.787,299.5,52717,53.92,661,1226,70.118,0.134,-0.279,-13.107,0.082,0.33,0.004,0.168,301.6,30162,52.14,450,863,70.856,-0.403,-0.452,-29.813,-0.198,0.246,0.862,56.9,295.2,46634,53.12,587,1105,70.453
Gary Woodland,25,494,0,3,17,801,0,6,23,1912,1,8,0.173,-0.19,-11.006,0.291,0.072,-0.076,-4.432,309.5,43329,55.01,538,978,71.279,0.443,0.052,2.777,0.601,-0.21,0.34,17.994,305.4,32983,60.02,521,868,69.93,1.025,0.472,30.689,0.545,0.008,-0.143,-9.277,308.2,46842,63.41,747,1178,70.229
Jhonattan Vegas,26,924,0,4,17,235,0,1,23,602,0,3,0.817,0.647,43.372,0.257,-0.087,-0.184,-12.316,312.1,54924,56.94,697,1224,70.486,0.426,0.721,26.66,-0.148,-0.146,-0.347,-12.83,309,28424,62,434,700,70.883,0.782,0.753,45.956,0.219,-0.19,-0.156,-9.523,308.3,44401,58.93,594,1008,70.765
Cameron Smith,23,2821,1,8,18,1059,1,2,23,566,0,3,0.533,-0.02,-1.362,0.291,0.261,0.573,39.52,297.9,48857,59.23,680,1148,69.969,-0.134,-0.245,-13.475,0.02,0.091,0.28,15.427,299.8,33578,54.46,488,896,70.643,0.167,-0.123,-6.539,0.004,0.286,0.157,8.323,294.2,36485,59.36,615,1036,70.814
Hideki Matsuyama,26,1681,1,3,19,1587,0,5,23,1821,0,6,1.074,0.24,20.189,0.614,0.22,-0.433,-36.371,299.9,55774,62.25,808,1298,70.563,1.433,0.285,17.364,0.69,0.458,-0.469,-28.613,304.4,37744,56.98,588,1032,69.766,1.487,0.381,27.796,0.759,0.347,0.011,0.811,303,48481,61.28,755,1232,69.841
Hank Lebioda,24,564,0,3,20,230,0,1,23,291,0,1,0.263,-0.134,-7.214,0.332,0.064,0.431,23.271,295,42476,61.16,614,1004,70.642,-0.006,-0.062,-2.562,-0.053,0.109,-0.615,-25.205,294.7,32413,60.34,464,769,71.578,0.447,0.085,4.946,0.281,0.081,-0.28,-16.223,294,41154,65.64,640,975,71.002
Jason Kokrak,26,1847,2,5,20,827,0,3,23,1254,0,5,0.426,0.352,26.782,0.281,-0.208,0.628,47.696,307.9,54193,60.18,739,1228,70.37,0.574,0.633,32.273,0.168,-0.227,-0.282,-14.376,312.4,33743,57.64,498,864,70.617,1.054,0.55,41.269,0.745,-0.241,-0.018,-1.332,306.4,50250,62.74,788,1256,70.431
Emiliano Grillo,30,961,0,4,23,405,0,3,23,765,0,2,0.666,0.368,25.391,0.669,-0.371,-0.104,-7.166,298.2,57247,64.78,868,1340,70.338,0.723,0.25,12.009,0.58,-0.107,-0.905,-43.454,295.7,33713,66.11,599,906,70.963,1.051,0.47,25.847,0.926,-0.345,-0.633,-34.828,295.7,39033,68.13,744,1092,70.814
Sam Ryder,32,499,0,4,25,349,0,2,23,458,0,2,-0.274,-0.019,-1.3,0.129,-0.384,0.056,3.802,297.2,51121,61.83,742,1200,71.187,0.022,-0.033,-1.846,0.154,-0.099,-0.035,-1.966,297.7,41682,61.22,600,980,71.091,0.035,0.038,2.259,0.158,-0.161,0.427,25.592,293.9,39969,63.62,640,1006,70.912
Adam Hadwin,29,540,0,4,17,692,0,3,24,904,0,5,-0.149,-0.042,-3.331,-0.32,0.212,0.471,37.244,293.4,51634,62.97,772,1226,70.961,0.389,-0.004,-0.209,0.262,0.13,0.185,9.974,294,33511,64.53,584,905,70.61,0.091,0.31,19.224,0.008,-0.227,0.252,15.644,291.2,43101,67.77,776,1145,70.545
Patrick Reed,22,1381,1,6,19,1485,1,7,24,2946,1,4,0.644,-0.003,-0.182,0.279,0.368,0.669,44.154,291.4,45457,63.21,689,1090,70.039,0.696,0.278,18.042,0.102,0.316,0.599,38.938,296,39073,56.08,581,1036,69.586,0.615,0.145,10.557,0.138,0.332,0.261,19.054,296.8,49855,60.1,741,1233,70.208
Scott Piercy,26,485,0,1,19,361,0,1,24,1104,0,6,0.248,0.09,6.136,0.005,0.153,-0.482,-32.78,298.2,47110,60,660,1100,71.1,0.043,0.263,13.168,0.134,-0.355,-0.213,-10.626,297.2,34473,62.68,576,919,71.306,0.485,0.27,18.927,0.147,0.067,0.146,10.237,292.4,45620,67.61,816,1207,70.333
Tony Finau,26,3564,1,8,19,1237,0,7,24,1911,0,5,1.04,0.281,20.208,0.461,0.298,0.09,6.468,305.5,54991,56.29,707,1256,69.972,1.103,0.341,20.092,0.497,0.266,0.14,8.246,309.8,39655,51.79,520,1004,69.992,0.871,0.439,28.547,0.384,0.048,-0.103,-6.72,309.5,49523,56.94,669,1175,69.955
Kevin Kisner,26,1214,1,4,20,1169,0,4,24,1635,1,4,-0.396,-0.215,-14.866,-0.266,0.085,0.392,27.071,289.1,45106,67.61,737,1090,71.216,0.199,0.058,3.237,0.234,-0.093,0.559,31.283,289.2,37600,65.23,666,1021,70.36,0.221,0.149,10.605,0.257,-0.186,0.45,31.952,286.4,49265,69.39,832,1199,70.416
Charley Hoffman,29,1338,0,5,20,476,0,2,24,576,0,2,0.864,0.341,26.919,0.646,-0.123,0.33,26.073,306.5,60690,57.11,787,1378,70.326,0.215,-0.032,-1.516,0.28,-0.034,0.085,4.087,296.5,32617,56.85,469,825,71.06,0.216,0.049,2.321,0.396,-0.23,-0.158,-7.438,295.6,36658,58.26,568,975,71.361
Dylan Frittelli,28,473,0,3,24,664,0,3,24,802,1,1,0.009,0.029,1.726,-0.333,0.312,-0.47,-28.196,309.3,44535,51.9,520,1002,71.443,0.356,0.046,3.118,0.043,0.267,-0.111,-7.57,291.3,43119,60.8,698,1148,70.63,0.608,0.272,18.522,0.186,0.149,-0.169,-11.465,296.5,48028,62.71,708,1129,70.737
Russell Henley,25,978,0,5,20,682,0,4,25,553,0,1,0.926,0.071,5.542,0.831,0.024,0.025,1.98,289.8,48689,67.07,782,1166,70.117,1.041,-0.049,-2.87,0.867,0.224,-0.188,-10.902,290.1,36549,65.65,579,882,70.157,0.466,0.137,8.336,0.334,-0.005,-0.299,-18.228,287.7,40274,69.33,676,975,70.874
Keegan Bradley,27,1206,0,4,20,379,0,0,25,761,0,3,1.348,0.327,25.519,0.856,0.165,-0.548,-42.777,300.2,51638,65.03,779,1198,70.489,0.638,0.175,9.991,0.351,0.112,-0.683,-38.906,301,36125,59.7,566,948,70.861,0.663,0.238,15.976,0.567,-0.142,-0.516,-34.551,298.5,44182,66.35,763,1150,70.849
Kyle Stanley,29,477,0,2,20,246,0,1,25,471,0,1,0.761,0.244,18.091,0.55,-0.034,-0.712,-52.665,292.1,52577,66.72,838,1256,71.167,0.397,0.048,2.075,0.335,0.014,-0.323,-13.882,285.1,30220,71.29,529,742,71.008,0.285,0.037,2.027,0.309,-0.062,-0.297,-16.351,288.9,36980,69.08,735,1064,71.094
Mackenzie Hughes,28,867,0,4,21,980,0,4,25,479,0,2,-0.572,-0.34,-25.863,-0.34,0.108,0.483,36.742,293.5,52829,58.05,728,1254,71.018,-0.289,-0.352,-21.852,-0.39,0.454,0.681,42.211,298.7,41821,55.77,546,979,70.589,-0.03,-0.068,-4.503,0.032,0.006,-0.014,-0.901,297.2,45176,57.98,614,1059,70.907
Max Homa,28,1269,1,5,21,540,0,4,25,825,1,2,0.371,0.122,8.171,0.372,-0.124,-0.043,-2.896,300.8,51742,58.44,699,1196,70.745,0.14,0.272,15.481,0.115,-0.248,0.14,7.965,300.6,37270,58.94,577,979,70.942,0.087,0.213,14.714,0.179,-0.304,-0.006,-0.38,300.2,48029,57.48,642,1117,71.11
Lucas Glover,30,1102,1,4,21,303,0,1,25,1337,0,7,0.501,0.185,14.993,0.172,0.144,-0.141,-11.42,294.9,56620,64.05,857,1338,70.861,0.44,0.327,16.34,0.4,-0.286,-0.356,-17.783,301.6,33181,64.63,603,933,71.12,0.812,0.337,27.274,0.33,0.145,0.164,13.324,296.1,53306,66.14,830,1255,70.083
Sepp Straka,31,533,0,3,25,466,0,3,25,432,0,1,0.045,0.073,5.645,0.114,-0.142,0.092,7.1,303.2,58218,57.61,772,1340,70.792,0.116,0.285,17.657,0.119,-0.288,0.252,15.627,302.7,42381,60.2,590,980,71.102,0.496,0.378,21.948,0.309,-0.191,0.056,3.255,304.4,43833,63.91,641,1003,70.987
Brandt Snedeker,28,565,0,2,16,358,0,1,26,1709,0,6,-0.041,-0.255,-18.369,0,0.214,0.341,24.531,286.6,48149,64.04,748,1168,71.037,-0.155,-0.333,-16.656,-0.336,0.514,0.347,17.357,288.5,30586,61.94,459,741,70.731,0.37,-0.193,-15.455,0.083,0.48,0.592,47.33,287.2,49969,63.25,876,1385,70.52
Sam Burns,25,2214,1,8,19,345,0,1,26,493,0,3,0.669,0.257,18.794,0.458,-0.047,0.579,42.298,305.3,51287,58.9,688,1168,70.184,-0.08,0.493,27.103,-0.179,-0.394,0.409,22.482,312,36197,54.8,445,812,70.778,-0.32,0.277,18.832,-0.293,-0.304,0.369,25.125,307.2,47917,57.17,622,1088,70.995
Abraham Ancer,26,2241,1,8,19,1159,0,4,26,1940,0,4,0.831,0.35,28.361,0.499,-0.019,0.412,33.367,290.4,56909,71.05,972,1368,69.939,0.569,0.328,18.359,0.335,-0.093,0.328,18.354,297.5,36896,64.44,665,1032,69.892,0.58,0.575,40.83,0.011,-0.005,-0.065,-4.642,293.3,46923,70.21,865,1232,70.58
Cameron Champ,26,974,1,2,19,963,1,2,26,819,1,3,0.001,0.593,38.56,-0.154,-0.439,-0.608,-39.52,317.1,47568,58.86,618,1050,72.088,0.563,0.999,60.921,-0.143,-0.293,-0.173,-10.539,322,45082,56.36,554,983,70.868,-0.276,0.657,44.682,-0.335,-0.597,-0.099,-6.72,317.9,48322,55.3,590,1067,71.393
Chesson Hadley,27,440,0,1,19,239,0,0,26,573,0,3,-0.557,-0.289,-16.747,-0.036,-0.232,0.552,32.024,297.5,42839,56.36,567,1006,71.134,0.341,0.099,4.539,0.437,-0.195,-0.065,-2.989,296,31969,66.71,541,811,71.228,-0.357,-0.336,-20.167,0.231,-0.252,0.23,13.772,297.6,39287,59.75,616,1031,71.453
Charles Howell III,21,378,0,1,20,551,0,3,26,1345,1,5,0.279,0.505,26.78,-0.401,0.174,0.114,6.034,297.6,41657,60.66,592,976,70.819,-0.04,-0.132,-6.604,-0.3,0.392,0.217,10.844,301.1,34324,54.57,525,962,70.716,0.518,0.262,19.126,-0.072,0.328,0.291,21.214,302.8,50270,62.83,803,1278,70.483
Rory Sabbatini,25,403,0,2,20,291,0,0,26,1140,0,6,-0.254,-0.001,-0.039,-0.198,-0.056,0.176,11.816,287.5,43125,62.08,650,1047,71.141,0.086,0.005,0.251,-0.278,0.359,-0.015,-0.743,283.9,32930,60.76,559,920,70.779,0.667,0.3,22.833,0.103,0.263,0.154,11.699,289.4,53831,66.92,868,1297,70.409
Scott Stallings,27,447,0,2,20,296,0,2,26,452,0,2,0.093,0.024,1.615,0.353,-0.284,0.03,2.031,297.4,45199,59.26,627,1058,70.952,0.189,-0.191,-10.148,0.309,0.072,0.019,0.992,297.6,39873,57.31,537,937,70.727,0.251,0.009,0.581,0.259,-0.017,-0.329,-22.353,297,43958,58.97,641,1087,71.443
Billy Horschel,24,1397,1,5,21,953,0,6,26,1065,0,4,0.016,0.289,19.956,-0.195,-0.078,0.285,19.644,294.7,50684,65.7,791,1204,70.925,0.348,0.286,16.86,-0.033,0.095,0.423,24.983,299.3,40107,62.79,692,1102,70.209,0.307,0.145,10.03,0.147,0.014,0.522,36.051,291.8,46683,64.71,836,1292,70.64
Keith Mitchell,28,874,0,4,21,342,0,1,26,926,1,3,-0.083,0.57,38.192,-0.31,-0.343,-0.057,-3.803,307.2,51610,56.5,661,1170,71.286,-0.478,0.412,20.595,-0.431,-0.459,0.22,11.02,301.9,33812,58.32,522,895,71.298,0.592,0.657,40.068,0.037,-0.102,-0.338,-20.632,303.2,45475,60.38,701,1161,71.021
Peter Malnati,30,634,0,3,21,238,0,0,26,423,0,1,-0.3,-0.278,-18.365,-0.109,0.087,0.238,15.737,290.5,46481,56.71,634,1118,71.212,-0.825,-0.461,-21.67,-0.431,0.067,0.333,15.634,287.6,32791,54.45,434,797,71.574,-0.088,-0.41,-31.155,0.225,0.097,0.467,35.469,292.2,48510,54.62,632,1157,70.762
Harold Varner III,29,1162,0,1,22,457,0,1,26,1122,0,3,0.792,0.104,8.252,0.47,0.218,0.069,5.49,300.7,54125,59.87,752,1256,70.592,1.145,0.458,26.105,0.442,0.244,-0.215,-12.233,301.9,39856,61.69,636,1031,70.297,0.429,0.26,19.227,0.093,0.076,-0.202,-14.976,302,49521,59.97,686,1144,70.716
Kevin Streelman,30,878,0,4,23,944,0,4,26,609,0,4,0.681,0.196,16.443,0.418,0.08,-0.008,-0.632,295.6,56762,66.32,886,1336,70.341,0.498,0.246,14.012,0.25,0.002,-0.084,-4.801,293.9,38213,65.88,670,1017,70.738,0.919,0.383,26.403,0.479,0.058,-0.251,-17.312,291.8,47278,67.99,769,1131,70.763
Sebastian Munoz,32,999,0,4,25,1421,1,4,26,423,0,3,0.297,0.13,11.577,0.243,-0.076,0.047,4.201,297.5,60692,62.96,899,1428,71.073,0.636,0.218,16.98,0.308,0.11,0.055,4.319,302.3,50793,60.42,713,1180,70.485,0.268,-0.048,-3.068,0.054,0.261,0.076,4.856,298.8,47814,59.8,668,1117,70.907
Richy Werenski,31,467,0,2,17,836,1,3,27,374,0,1,-0.37,-0.214,-17.731,-0.183,0.027,0.068,5.673,293.9,50556,60.9,732,1202,71.567,-0.001,-0.13,-6.386,0.038,0.091,0.485,23.741,298.1,33391,57.98,454,783,70.573,-0.221,0.057,4.134,-0.163,-0.114,0.074,5.43,293.6,48739,61.26,710,1159,71.104
Vaughn Taylor,30,306,0,1,19,442,0,2,27,937,0,4,-0.314,-0.501,-31.092,0.015,0.173,0.293,18.137,278.4,43431,67.68,735,1086,71.322,-0.352,-0.043,-1.879,-0.155,-0.155,0.294,12.948,281.6,29852,67.84,576,849,70.827,0.096,-0.205,-16.819,0.269,0.032,0.636,52.113,282.9,51488,69.03,876,1269,70.45
Corey Conners,28,1684,0,8,22,695,0,1,27,1476,1,4,1.15,0.625,52.463,0.698,-0.173,-0.008,-0.71,295.4,61440,70.15,1013,1444,70.067,1.007,0.6,37.211,0.582,-0.175,-0.603,-37.373,298.7,37043,67.08,695,1036,70.43,1.196,0.653,45.081,0.665,-0.123,-0.576,-39.771,297.3,51132,66.92,805,1203,70.775
Beau Hossler,30,316,0,1,22,308,0,1,27,304,0,0,-0.351,0.059,4.095,-0.42,0.01,0.206,14.455,305.1,53706,56.28,690,1226,71.525,-0.955,-0.16,-7.839,-0.71,-0.085,0.456,22.344,306.6,41091,53.9,505,937,71.387,-0.797,0.048,3.239,-0.765,-0.08,0.619,42.084,299.4,44913,59.19,686,1159,71.381
Chez Reavie,30,536,0,1,22,429,0,2,27,1394,1,5,0.632,0.155,10.97,0.505,-0.028,-0.445,-31.583,281.9,47366,74.11,870,1174,71.075,0.569,-0.107,-6.109,0.44,0.237,-0.291,-16.581,284.4,36976,69.73,751,1077,71.043,0.762,0.254,17.799,0.625,-0.117,0.062,4.306,287,45927,75.72,973,1285,70.247
Wyndham Clark,27,609,0,2,23,346,0,1,27,771,0,3,-0.364,-0.015,-1.038,-0.64,0.29,-0.045,-3.208,314.6,49074,47.05,511,1086,71.283,-0.859,-0.398,-18.313,-0.57,0.11,0.557,25.606,305.1,32336,52.18,443,849,71.243,-0.227,0.084,6.121,-0.572,0.261,0.64,46.752,311.8,53004,56.37,668,1185,70.595
Matt Jones,30,1091,1,3,23,398,0,2,27,515,0,2,0.007,0.124,10.43,-0.422,0.305,0.273,22.931,304,62026,55.62,792,1424,70.665,-0.19,0.159,10.16,-0.438,0.089,0.061,3.895,297.3,42817,59.17,629,1063,70.817,0.508,0.304,20.06,-0.148,0.352,0.12,7.926,294.1,49414,62.17,728,1171,70.81
Adam Long,30,636,0,2,25,950,0,3,27,734,1,2,-0.601,0.109,7.765,-0.541,-0.169,0.144,10.211,288.6,48492,67.41,786,1166,71.288,0.307,0.004,0.289,0.358,-0.055,0.226,16.021,292,46713,62.47,769,1231,70.41,-0.049,-0.036,-2.474,0.138,-0.151,-0.369,-25.109,292,44386,66.51,707,1063,71.464
Nick Taylor,29,370,0,1,18,741,1,2,28,408,0,1,-0.198,0.015,1.232,-0.217,0.004,0.165,13.693,294,52918,63.91,804,1258,71.344,0.116,0.094,4.686,0.052,-0.03,-0.043,-2.164,296.6,34999,64.24,530,825,70.607,0.122,0.135,11.582,-0.051,0.038,0.33,28.376,292.1,54327,61.68,800,1297,70.697
Harris English,25,2248,2,8,19,1805,0,6,28,289,0,0,0.441,0.076,5.935,0.125,0.24,0.544,42.4,299.4,55090,64.29,828,1288,70.115,0.948,0.215,14.618,0.454,0.279,0.518,35.253,300.9,45732,61.75,657,1064,69.496,-0.327,-0.024,-1.92,-0.437,0.134,0.527,41.671,301,54774,61.57,782,1270,71.055
Robert Streb,28,925,1,1,19,207,0,1,28,372,0,2,-0.502,-0.232,-16.267,-0.451,0.181,0.179,12.514,292.3,47938,58.33,672,1152,71.335,-0.582,-0.117,-3.742,-0.221,-0.244,-0.573,-18.343,293.7,29369,58.08,406,699,71.836,-0.187,-0.256,-15.348,-0.053,0.122,-0.237,-14.217,288.7,41568,60.93,613,1006,71.629
Brice Garnett,31,452,0,3,19,294,0,0,28,466,0,2,-0.321,0.161,11.137,-0.324,-0.159,0.396,27.346,288.1,53005,70.72,908,1284,70.82,0.106,0.193,8.674,-0.114,0.027,0.218,9.807,290.6,33704,64.36,522,811,70.563,-0.125,0.281,18.285,-0.253,-0.153,0.091,5.928,287.4,44260,71.45,851,1191,71.067
Ryan Armour,28,434,0,4,21,366,0,3,28,475,0,1,-0.131,0.013,0.878,-0.082,-0.062,0.354,23.686,282,43999,72.79,792,1088,70.922,0.225,0.02,0.893,0.044,0.16,-0.418,-18.804,284.1,32959,73.86,599,811,71.092,0.001,-0.103,-7.737,-0.002,0.106,0.19,14.227,277.9,46694,73.81,947,1283,70.888
Joaquin Niemann,26,1629,0,5,22,1366,1,4,28,751,0,4,0.812,0.556,49.477,0.326,-0.07,0.312,27.795,310.6,63359,59.2,843,1424,70.045,0.744,0.37,24.059,0.562,-0.188,-0.242,-15.708,301.7,41034,56.48,601,1064,70.364,0.84,0.338,27.054,0.484,0.018,-0.17,-13.561,301.5,55474,61.72,827,1340,70.621
Carlos Ortiz,28,1090,1,3,22,721,0,3,28,441,0,3,0.418,0.246,20.449,0.039,0.132,-0.019,-1.544,303,55756,60.36,775,1284,70.911,0.363,-0.087,-5.638,0.122,0.327,0.095,6.195,300.3,43247,55.36,558,1008,70.528,0.046,0.177,12.725,-0.072,-0.06,0.079,5.723,301,49366,62.3,714,1146,71.069
Brian Gay,27,579,1,1,23,323,0,2,28,415,0,2,-1.421,-0.656,-40.7,-0.774,0.01,0.203,12.597,286.8,40151,59.67,586,982,72.193,-0.707,-0.353,-17.675,-0.293,-0.061,0.129,6.473,288.5,36351,58.68,517,881,71.407,-0.613,-0.286,-20.626,-0.392,0.065,0.335,24.096,274.9,44537,70.19,871,1241,71.356
Denny McCarthy,30,549,0,3,23,511,0,4,28,443,0,2,-0.387,-0.207,-16.522,-0.353,0.172,0.435,34.828,295.4,55542,62.31,815,1308,71.057,-0.518,-0.139,-9.034,-0.243,-0.137,0.988,64.205,293.8,45240,61.6,664,1078,70.454,-0.239,0.061,4.207,-0.448,0.149,0.926,63.89,290.8,47107,65.84,744,1130,70.546
Si Woo Kim,31,1293,1,5,24,454,0,1,28,956,0,5,0.652,0.223,18.522,-0.026,0.467,-0.183,-15.196,296.3,55707,62.71,824,1314,70.872,0.346,-0.075,-4.482,0.115,0.305,-0.079,-4.736,298.1,39348,57.03,588,1031,71.254,0.194,0.066,3.921,-0.177,0.305,-0.06,-3.516,292.4,43278,62.95,722,1147,70.963
Joel Dahmen,27,725,1,3,22,843,0,5,29,868,0,2,0.316,0.214,14.109,0.148,-0.047,-0.344,-22.697,292.3,47938,67.57,773,1144,71.162,0.652,0.356,22.401,0.336,-0.04,-0.063,-3.975,295.4,41944,64.58,711,1101,70.415,0.187,0.249,18.945,0.141,-0.204,-0.102,-7.756,292.4,51457,68.51,918,1340,70.932
Brian Harman,28,1168,0,5,22,860,0,1,29,534,0,4,0.385,0.133,11.294,-0.082,0.334,0.432,36.685,291.7,58338,66.88,931,1392,70.158,0.459,0.115,8.179,-0.018,0.362,0.308,21.859,293,45715,63.28,691,1092,70.041,0.256,0.312,22.147,-0.301,0.245,0.09,6.376,288.4,46719,68.17,848,1244,71.016
J.T. Poston,29,697,0,2,23,576,0,2,29,1238,1,3,-0.684,-0.131,-10.311,-0.488,-0.065,0.706,55.768,299.9,50375,57.02,666,1168,71.221,-0.141,0.13,8.192,-0.366,0.095,0.572,36.028,290.2,40628,63.74,696,1092,70.429,0.294,0.032,2.855,0.223,0.038,0.212,18.687,293.8,56411,62.89,844,1342,70.633
Brian Stuard,35,592,0,3,25,438,0,2,29,572,0,3,0.085,-0.147,-12.917,0.043,0.188,0.23,20.27,277.8,57772,73.31,1063,1450,70.924,0.138,-0.245,-15.695,0.083,0.3,0.114,7.289,281.5,43344,71.84,814,1133,70.885,0.217,-0.239,-18.43,0.266,0.19,0.176,13.515,276.6,47575,71.09,932,1311,70.999
K.H. Lee,33,1339,1,3,25,382,0,1,30,453,0,2,0.309,0.172,15.978,-0.066,0.203,-0.236,-21.913,298.4,63260,63.06,932,1478,71.227,-0.08,0.066,3.542,-0.274,0.129,-0.102,-5.508,296.4,40312,64.98,655,1008,71.339,-0.011,0.125,7.721,-0.011,-0.124,-0.096,-5.935,286.2,45788,66.01,775,1174,71.307
Adam Schenk,33,609,0,2,24,349,0,0,31,657,0,3,0.051,0.159,12.743,0.058,-0.166,0.137,10.963,299.5,61107,60.9,866,1422,71.054,0.185,0.279,15.356,0.001,-0.095,0.118,6.472,302,39860,62.27,642,1031,70.732,0.146,0.08,6.537,0.142,-0.075,0.341,27.941,300.8,60155,61.27,856,1397,70.817
Sungjae Im,34,2141,0,5,25,1650,1,7,34,1407,0,7,0.684,0.526,59.481,0.237,-0.079,0.292,33.036,297.1,72490,69.12,1175,1700,70.281,0.551,0.437,34.555,0.106,0.007,0.233,18.384,300.5,49276,64.48,846,1312,69.987,0.7,0.341,34.064,0.075,0.285,0.323,32.264,295.9,67473,65.45,1078,1647,70.252